명칭,latitude,longitude,Station_line,구분
미사,37.560927,127.193877,5호선,지하철
강일,37.55749,127.17593,5호선,지하철
김포공항,37.56236,126.801868,김포골드라인,지하철
고촌,37.601243,126.770345,김포골드라인,지하철
풍무,37.612488,126.732387,김포골드라인,지하철
사우(김포시청),37.620249,126.719731,김포골드라인,지하철
걸포북변,37.63165,126.705975,김포골드라인,지하철
운양,37.653867,126.68393,김포골드라인,지하철
장기,37.643986,126.669017,김포골드라인,지하철
마산,37.640732,126.644344,김포골드라인,지하철
구래,37.645384,126.628633,김포골드라인,지하철
양촌,37.642379,126.614309,김포골드라인,지하철
원시,37.302371,126.786691,서해선,지하철
원곡,37.31321,126.796261,서해선,지하철
초지,37.319619,126.808147,서해선,지하철
선부,37.334353,126.809904,서해선,지하철
달미,37.348847,126.809409,서해선,지하철
시흥능곡,37.369864,126.808573,서해선,지하철
시흥시청,37.382223,126.805625,서해선,지하철
신현,37.409008,126.788017,서해선,지하철
신천,37.439066,126.786788,서해선,지하철
시흥대야,37.450145,126.793041,서해선,지하철
소새울,37.468467,126.797252,서해선,지하철
소사,37.483279,126.795023,서해선,지하철
신설동,37.576095,127.023242,우이신설선,지하철
보문,37.585286,127.019381,우이신설선,지하철
성신여대입구(돈암),37.592467,127.016516,우이신설선,지하철
정릉,37.603133,127.013396,우이신설선,지하철
북한산보국문,37.612072,127.008251,우이신설선,지하철
솔샘,37.620238,127.013626,우이신설선,지하철
삼양사거리,37.621337,127.020473,우이신설선,지하철
삼양,37.626914,127.018106,우이신설선,지하철
화계,37.634133,127.017511,우이신설선,지하철
가오리,37.641537,127.016789,우이신설선,지하철
4.19민주묘지,37.649502,127.013684,우이신설선,지하철
솔밭공원,37.65603,127.013273,우이신설선,지하철
북한산우이,37.662909,127.012706,우이신설선,지하철
탑석,37.733579,127.088704,의정부선,지하철
송산,37.737279,127.087159,의정부선,지하철
어룡,37.742802,127.085035,의정부선,지하철
곤제,37.750471,127.083715,의정부선,지하철
효자,37.754025,127.076902,의정부선,지하철
경기도청북부청사,37.75059,127.071495,의정부선,지하철
새말,37.748885,127.06362,의정부선,지하철
동오,37.745271,127.056947,의정부선,지하철
의정부중앙,37.743676,127.049565,의정부선,지하철
흥선,37.743302,127.037023,의정부선,지하철
의정부시청,37.739256,127.034781,의정부선,지하철
경전철의정부,37.737202,127.043257,의정부선,지하철
범골,37.728755,127.04353,의정부선,지하철
회룡,37.725006,127.047073,의정부선,지하철
발곡,37.727048,127.052803,의정부선,지하철
전대.에버랜드,37.285342,127.219561,에버라인선,지하철
둔전,37.267051,127.21364,에버라인선,지하철
보평,37.258965,127.218457,에버라인선,지하철
고진,37.24484,127.214251,에버라인선,지하철
운동장.송담대,37.237845,127.209198,에버라인선,지하철
김량장,37.237247,127.198781,에버라인선,지하철
명지대,37.237964,127.190294,에버라인선,지하철
시청.용인대,37.239151,127.178406,에버라인선,지하철
삼가,37.242115,127.168075,에버라인선,지하철
초당,37.260752,127.159443,에버라인선,지하철
동백,37.269043,127.152716,에버라인선,지하철
어정,37.274917,127.143714,에버라인선,지하철
지석,37.269606,127.136515,에버라인선,지하철
강남대,37.270161,127.126033,에버라인선,지하철
기흥,37.275449,127.116665,에버라인선,지하철
광교(경기대),37.30211,127.044483,신분당선(연장),지하철
광교중앙(아주대),37.288617,127.051478,신분당선(연장),지하철
상현,37.297664,127.069342,신분당선(연장),지하철
성복,37.313335,127.0801,신분당선(연장),지하철
수지구청,37.322702,127.095026,신분당선(연장),지하철
동천,37.337928,127.102976,신분당선(연장),지하철
미금,37.349982,127.108918,신분당선(연장),지하철
정자,37.367098,127.108403,신분당선,지하철
판교,37.394761,127.112217,신분당선,지하철
청계산입구,37.447211,127.055664,신분당선,지하철
양재시민의숲(매헌),37.470023,127.03842,신분당선,지하철
양재(서초구청),37.483809,127.034653,신분당선,지하철
강남,37.496837,127.028104,신분당선,지하철
영종,37.51202,126.524254,공항철도1호선,지하철
인천공항2터미널,37.460699,126.441442,공항철도1호선,지하철
인천공항1터미널,37.447464,126.452508,공항철도1호선,지하철
공항화물청사,37.459041,126.477516,공항철도1호선,지하철
운서,37.492904,126.49379,공항철도1호선,지하철
청라국제도시,37.556409,126.624648,공항철도1호선,지하철
검암,37.569098,126.674007,공항철도1호선,지하철
계양,37.571662,126.7363,공항철도1호선,지하철
김포공항,37.561842,126.801904,공항철도1호선,지하철
마곡나루,37.565543,126.827378,공항철도1호선,지하철
디지털미디어시티,37.576958,126.898609,공항철도1호선,지하철
홍대입구,37.557438,126.926715,공항철도1호선,지하철
공덕,37.54253,126.952024,공항철도1호선,지하철
서울역,37.553247,126.969769,공항철도1호선,지하철
중앙보훈병원,37.529191,127.148739,9호선(연장),지하철
둔촌오륜,37.519683,127.137989,9호선(연장),지하철
올림픽공원(한국체대),37.516269,127.130288,9호선(연장),지하철
한성백제,37.516404,127.116503,9호선(연장),지하철
송파나루,37.510372,127.112216,9호선(연장),지하철
석촌,37.505208,127.10704,9호선(연장),지하철
석촌고분,37.502558,127.097033,9호선(연장),지하철
삼전,37.504738,127.088025,9호선(연장),지하철
종합운동장,37.511426,127.076275,9호선(연장),지하철
봉은사,37.514219,127.060245,9호선(연장),지하철
삼성중앙,37.513011,127.053282,9호선(연장),지하철
선정릉,37.510297,127.043999,9호선(연장),지하철
언주,37.507287,127.033868,9호선(연장),지하철
신논현,37.504598,127.02506,9호선,지하철
사평,37.504206,127.015259,9호선,지하철
고속터미널,37.50598,127.004403,9호선,지하철
신반포,37.503415,126.995925,9호선,지하철
구반포,37.501364,126.987332,9호선,지하철
동작(현충원),37.502878,126.978153,9호선,지하철
흑석(중앙대입구),37.50877,126.963708,9호선,지하철
노들,37.512887,126.953222,9호선,지하철
노량진,37.513534,126.941005,9호선,지하철
샛강,37.517274,126.928422,9호선,지하철
여의도,37.52176,126.92403,9호선,지하철
국회의사당,37.528105,126.917874,9호선,지하철
당산,37.533406,126.902809,9호선,지하철
선유도,37.53802,126.893525,9호선,지하철
신목동,37.544277,126.88308,9호선,지하철
염창,37.546936,126.874916,9호선,지하철
등촌,37.550632,126.865689,9호선,지하철
증미,37.557402,126.861939,9호선,지하철
가양,37.561391,126.854456,9호선,지하철
양천향교,37.568381,126.841333,9호선,지하철
마곡나루,37.566778,126.82731,9호선,지하철
신방화,37.567532,126.816601,9호선,지하철
공항시장,37.563726,126.810678,9호선,지하철
김포공항,37.561916,126.802152,9호선,지하철
개화,37.578608,126.798153,9호선,지하철
석남(거북시장),37.5062285,126.6762813,7호선,지하철
산곡,37.5086,126.7035277,7호선,지하철
운연(서창),37.440127,126.75997,인천2호선,지하철
인천대공원,37.448769,126.752618,인천2호선,지하철
남동구청,37.448161,126.736939,인천2호선,지하철
만수,37.454911,126.732094,인천2호선,지하철
모래내시장,37.45583,126.719298,인천2호선,지하철
석천사거리,37.456805,126.709986,인천2호선,지하철
인천시청,37.456833,126.701306,인천2호선,지하철
석바위시장,37.457611,126.692575,인천2호선,지하철
시민공원(문화창작지대),37.458335,126.681192,인천2호선,지하철
주안,37.464992,126.679098,인천2호선,지하철
주안국가산단,37.473703,126.68113,인천2호선,지하철
가재울,37.484192,126.683673,인천2호선,지하철
인천가좌,37.4897,126.675208,인천2호선,지하철
서부여성회관,37.500168,126.675795,인천2호선,지하철
석남(거북시장),37.506193,126.676203,인천2호선,지하철
가정중앙시장,37.517054,126.676672,인천2호선,지하철
가정(루원시티),37.524649,126.675539,인천2호선,지하철
서구청,37.543742,126.676787,인천2호선,지하철
아시아드경기장(공촌사거리),37.5517,126.677122,인천2호선,지하철
검바위,37.561405,126.677566,인천2호선,지하철
검암,37.56866,126.675687,인천2호선,지하철
독정,37.585212,126.675844,인천2호선,지하철
완정,37.592928,126.673203,인천2호선,지하철
마전,37.597566,126.666998,인천2호선,지하철
검단사거리,37.60185,126.657108,인천2호선,지하철
왕길,37.59518,126.642696,인천2호선,지하철
검단오류(검단산업단지),37.594877,126.627178,인천2호선,지하철
송도달빛축제공원,37.407143,126.62597,인천1호선,지하철
국제업무지구,37.399907,126.630347,인천1호선,지하철
센트럴파크,37.393054,126.634729,인천1호선,지하철
인천대입구,37.386007,126.639484,인천1호선,지하철
지식정보단지,37.378384,126.645168,인천1호선,지하철
테크노파크,37.382268,126.656365,인천1호선,지하철
캠퍼스타운,37.387855,126.661673,인천1호선,지하철
동막,37.397878,126.674005,인천1호선,지하철
동춘,37.404737,126.681015,인천1호선,지하철
원인재,37.412333,126.687869,인천1호선,지하철
신연수,37.41804,126.693863,인천1호선,지하철
선학,37.426684,126.698863,인천1호선,지하철
문학경기장,37.434935,126.698579,인천1호선,지하철
인천터미널,37.442383,126.699706,인천1호선,지하철
예술회관,37.449396,126.701012,인천1호선,지하철
인천시청,37.457263,126.702143,인천1호선,지하철
간석오거리,37.467048,126.707938,인천1호선,지하철
부평삼거리,37.477679,126.710208,인천1호선,지하철
동수,37.485312,126.718247,인천1호선,지하철
부평,37.490535,126.723453,인천1호선,지하철
부평시장,37.498383,126.722244,인천1호선,지하철
부평구청,37.508407,126.720555,인천1호선,지하철
갈산,37.517268,126.721514,인천1호선,지하철
작전,37.530415,126.722527,인천1호선,지하철
경인교대입구,37.538157,126.722597,인천1호선,지하철
계산,37.543238,126.728128,인천1호선,지하철
임학,37.545059,126.738665,인천1호선,지하철
박촌,37.553703,126.745077,인천1호선,지하철
귤현,37.566379,126.742654,인천1호선,지하철
계양,37.571449,126.73578,인천1호선,지하철
남위례,37.4624,127.13977,8호선,지하철
모란,37.433824,127.129837,8호선,지하철
수진,37.437428,127.140722,8호선,지하철
신흥,37.440918,127.147564,8호선,지하철
단대오거리,37.44521,127.156866,8호선,지하철
남한산성입구(성남법원.검찰청),37.451535,127.159816,8호선,지하철
산성,37.457122,127.149908,8호선,지하철
복정,37.471052,127.126732,8호선,지하철
장지,37.478703,127.126191,8호선,지하철
문정,37.485855,127.1225,8호선,지하철
가락시장,37.492888,127.118398,8호선,지하철
송파,37.499703,127.112183,8호선,지하철
석촌,37.505557,127.106832,8호선,지하철
잠실(송파구청),37.514692,127.104338,8호선,지하철
몽촌토성(평화의문),37.517409,127.112359,8호선,지하철
강동구청,37.530341,127.120508,8호선,지하철
천호(풍납토성),37.538113,127.123254,8호선,지하철
암사,37.55021,127.127562,8호선,지하철
부평구청,37.507394,126.721599,7호선,지하철
굴포천,37.506997,126.73128,7호선,지하철
삼산체육관,37.506411,126.742153,7호선,지하철
상동,37.505781,126.753083,7호선,지하철
부천시청,37.504631,126.763538,7호선,지하철
신중동,37.503048,126.77596,7호선,지하철
춘의,37.503663,126.787036,7호선,지하철
부천종합운동장,37.50538,126.797337,7호선,지하철
까치울,37.506207,126.810939,7호선,지하철
온수(성공회대입구),37.492092,126.823023,7호선,지하철
천왕,37.486637,126.838713,7호선,지하철
광명사거리,37.479252,126.854876,7호선,지하철
철산,37.47605,126.867911,7호선,지하철
가산디지털단지,37.480338,126.882656,7호선,지하철
남구로,37.486056,126.887249,7호선,지하철
대림(구로구청),37.493013,126.897075,7호선,지하철
신풍,37.50008,126.90993,7호선,지하철
보라매,37.499872,126.920428,7호선,지하철
신대방삼거리,37.499701,126.928276,7호선,지하철
장승배기,37.504898,126.93915,7호선,지하철
상도,37.502834,126.94791,7호선,지하철
숭실대입구(살피재),37.496029,126.953822,7호선,지하철
남성,37.484596,126.971251,7호선,지하철
이수,37.485196,126.981605,7호선,지하철
내방,37.487618,126.993513,7호선,지하철
고속터미널,37.503367,127.005068,7호선,지하철
반포,37.508178,127.011727,7호선,지하철
논현,37.511093,127.021415,7호선,지하철
학동,37.514229,127.031656,7호선,지하철
강남구청,37.517179,127.041255,7호선,지하철
청담,37.519365,127.05335,7호선,지하철
뚝섬유원지,37.53154,127.066704,7호선,지하철
건대입구,37.540786,127.071011,7호선,지하철
어린이대공원(세종대),37.548014,127.074658,7호선,지하철
군자(능동),37.556897,127.079338,7호선,지하철
중곡,37.565923,127.08432,7호선,지하철
용마산,37.573647,127.086727,7호선,지하철
사가정,37.580894,127.088478,7호선,지하철
면목,37.588579,127.087503,7호선,지하철
상봉(시외버스터미널),37.595577,127.085716,7호선,지하철
중화,37.602545,127.079264,7호선,지하철
먹골,37.610637,127.077725,7호선,지하철
태릉입구,37.618294,127.075397,7호선,지하철
공릉(서울과학기술대),37.625742,127.072896,7호선,지하철
하계,37.636352,127.06799,7호선,지하철
중계,37.644583,127.064303,7호선,지하철
노원,37.654836,127.060462,7호선,지하철
마들,37.66494,127.057675,7호선,지하철
수락산,37.67785,127.055315,7호선,지하철
도봉산,37.689241,127.046509,7호선,지하철
장암,37.700109,127.053196,7호선,지하철
신내,37.613174,127.102231,6호선,지하철
봉화산(서울의료원),37.617283,127.091401,6호선,지하철
화랑대(서울여대입구),37.620064,127.084689,6호선,지하철
태릉입구,37.617338,127.074735,6호선,지하철
석계,37.614872,127.065595,6호선,지하철
돌곶이,37.610537,127.056431,6호선,지하철
상월곡(한국과학기술연구원),37.606377,127.048491,6호선,지하철
월곡(동덕여대),37.601948,127.041518,6호선,지하철
고려대(종암),37.590508,127.036296,6호선,지하철
안암(고대병원앞),37.586272,127.029005,6호선,지하철
보문,37.585274,127.019351,6호선,지하철
창신,37.579661,127.015241,6호선,지하철
동묘앞,37.572279,127.015653,6호선,지하철
신당,37.566154,127.016146,6호선,지하철
청구,37.560608,127.013986,6호선,지하철
약수,37.554263,127.010358,6호선,지하철
버티고개,37.548013,127.007055,6호선,지하철
한강진,37.539631,127.001725,6호선,지하철
이태원,37.534488,126.994302,6호선,지하철
녹사평(용산구청),37.534675,126.986695,6호선,지하철
삼각지,37.535534,126.974032,6호선,지하철
효창공원앞,37.539233,126.961384,6호선,지하철
공덕,37.543555,126.951678,6호선,지하철
대흥(서강대앞),37.547771,126.942069,6호선,지하철
광흥창(서강),37.547456,126.931993,6호선,지하철
상수,37.547716,126.922852,6호선,지하철
합정,37.549209,126.913366,6호선,지하철
망원,37.556094,126.910052,6호선,지하철
마포구청,37.563515,126.903343,6호선,지하철
월드컵경기장(성산),37.569532,126.899298,6호선,지하철
디지털미디어시티,37.576108,126.901391,6호선,지하철
증산(명지대앞),37.583876,126.909645,6호선,지하철
새절(신사),37.591148,126.913629,6호선,지하철
구산,37.611377,126.91727,6호선,지하철
연신내,37.618636,126.920625,6호선,지하철
독바위,37.618456,126.933031,6호선,지하철
불광,37.610873,126.92939,6호선,지하철
역촌,37.606021,126.922744,6호선,지하철
응암,37.598605,126.915577,6호선,지하철
하남시청(덕풍-신장),37.54205,127.20612,5호선,지하철
하남검단산,37.53972,127.22345,5호선,지하철
하남풍산,37.552034,127.203864,5호선,지하철
미사,37.560927,127.193877,5호선,지하철
강일,37.55749,127.17593,5호선,지하철
마천,37.49499,127.152781,5호선,지하철
거여,37.493105,127.14415,5호선,지하철
개롱,37.498079,127.13482,5호선,지하철
오금,37.502057,127.127938,5호선,지하철
방이,37.508857,127.126133,5호선,지하철
올림픽공원(한국체대),37.516201,127.130923,5호선,지하철
둔촌동,37.527788,127.136248,5호선,지하철
상일동,37.556712,127.166417,5호선,지하철
고덕,37.555004,127.154151,5호선,지하철
명일,37.55137,127.143999,5호선,지하철
굽은다리(강동구민회관앞),37.545477,127.142853,5호선,지하철
길동,37.537801,127.140004,5호선,지하철
강동,37.535804,127.132481,5호선,지하철
천호(풍납토성),37.53864,127.123308,5호선,지하철
광나루(장신대),37.545303,127.10357,5호선,지하철
아차산(어린이대공원후문),37.551691,127.089761,5호선,지하철
군자(능동),37.557088,127.079577,5호선,지하철
장한평,37.56144,127.064623,5호선,지하철
답십리,37.566747,127.052704,5호선,지하철
마장,37.5661,127.042973,5호선,지하철
왕십리(성동구청),37.56184,127.037059,5호선,지하철
행당,37.557322,127.029476,5호선,지하철
신금호,37.554548,127.020331,5호선,지하철
청구,37.560276,127.013639,5호선,지하철
동대문역사문화공원,37.564665,127.005353,5호선,지하철
을지로4가,37.567352,126.998032,5호선,지하철
종로3가,37.57254,126.990305,5호선,지하철
광화문(세종문화회관),37.571525,126.97717,5호선,지하철
서대문,37.565773,126.966641,5호선,지하철
충정로(경기대입구),37.560236,126.9629,5호선,지하철
애오개,37.553736,126.95682,5호선,지하철
공덕,37.544431,126.951372,5호선,지하철
마포,37.539574,126.945932,5호선,지하철
여의나루,37.527098,126.932901,5호선,지하철
여의도,37.521747,126.924357,5호선,지하철
신길,37.517623,126.914839,5호선,지하철
영등포시장,37.522669,126.905139,5호선,지하철
영등포구청,37.5242,126.89503,5호선,지하철
양평,37.525569,126.886129,5호선,지하철
오목교(목동운동장앞),37.524496,126.875181,5호선,지하철
목동,37.526065,126.864931,5호선,지하철
신정(은행정),37.524997,126.856191,5호선,지하철
까치산,37.531768,126.846683,5호선,지하철
화곡,37.541513,126.840461,5호선,지하철
우장산,37.548768,126.836318,5호선,지하철
발산,37.558598,126.837668,5호선,지하철
마곡,37.560183,126.825448,5호선,지하철
송정,37.561184,126.811973,5호선,지하철
김포공항,37.562384,126.801292,5호선,지하철
개화산,37.572399,126.806171,5호선,지하철
방화,37.577446,126.812741,5호선,지하철
대화,37.676087,126.747569,일산선,지하철
주엽,37.670072,126.761334,일산선,지하철
정발산,37.659477,126.773359,일산선,지하철
마두,37.652206,126.77762,일산선,지하철
백석,37.643114,126.78787,일산선,지하철
대곡,37.631626,126.811024,일산선,지하철
화정,37.634592,126.83265,일산선,지하철
원당,37.653324,126.843041,일산선,지하철
삼송,37.653083,126.895558,일산선,지하철
지축,37.648017,126.91397,일산선,지하철
원흥,37.650658,126.872642,일산선,지하철
소요산,37.9481,127.061034,경원선,지하철
동두천,37.927878,127.05479,경원선,지하철
보산,37.913702,127.057277,경원선,지하철
동두천중앙,37.901885,127.056482,경원선,지하철
지행,37.892334,127.055716,경원선,지하철
덕정,37.843188,127.061277,경원선,지하철
덕계,37.818486,127.056486,경원선,지하철
양주,37.774381,127.044708,경원선,지하철
녹양,37.75938,127.042292,경원선,지하철
가능,37.748577,127.044213,경원선,지하철
의정부,37.738415,127.045958,경원선,지하철
회룡,37.724416,127.04736,경원선,지하철
망월사,37.709914,127.047455,경원선,지하철
도봉산,37.689534,127.046049,경원선,지하철
도봉,37.679563,127.045595,경원선,지하철
방학,37.667503,127.044273,경원선,지하철
인천,37.476403,126.617326,수인선,지하철
신포,37.46874,126.623853,수인선,지하철
숭의,37.460789,126.638297,수인선,지하철
인하대,37.448493,126.649619,수인선,지하철
송도,37.428514,126.657772,수인선,지하철
연수,37.417804,126.67894,수인선,지하철
원인재,37.413049,126.686648,수인선,지하철
남동인더스파크,37.407722,126.695216,수인선,지하철
호구포,37.401637,126.708627,수인선,지하철
인천논현,37.400614,126.722478,수인선,지하철
소래포구,37.40095,126.733522,수인선,지하철
월곶,37.391769,126.742699,수인선,지하철
달월,37.379681,126.745177,수인선,지하철
사리,37.28998,126.85685,수인선,지하철
야목,37.264179,126.879483,수인선,지하철
어천,37.250102,126.90879,수인선,지하철
오목천,37.24304,126.963676,수인선,지하철
고색,37.24963,126.980248,수인선,지하철
매교,37.265481,127.015678,분당선,지하철
수원시청,37.261911,127.030736,분당선,지하철
매탄권선,37.252759,127.040566,분당선,지하철
망포,37.245795,127.057353,분당선,지하철
영통,37.251568,127.071394,분당선,지하철
청명,37.259489,127.078934,분당선,지하철
상갈,37.26181,127.108847,분당선,지하철
기흥,37.275061,127.11591,분당선,지하철
신갈,37.286102,127.111313,분당선,지하철
구성,37.298969,127.105664,분당선,지하철
죽전,37.324753,127.107395,분당선,지하철
보정,37.312752,127.108196,분당선,지하철
이매,37.395371,127.128248,분당선,지하철
오리,37.339824,127.108942,분당선,지하철
미금,37.350077,127.10891,분당선,지하철
정자,37.365994,127.10807,분당선,지하철
수내,37.378455,127.114322,분당선,지하철
서현,37.385126,127.123592,분당선,지하철
야탑,37.411185,127.128715,분당선,지하철
모란,37.432052,127.129104,분당선,지하철
태평,37.440019,127.127709,분당선,지하철
가천대,37.448605,127.126697,분당선,지하철
선정릉,37.510735,127.043677,분당선,지하철
강남구청,37.517469,127.041151,분당선,지하철
압구정로데오,37.527381,127.040534,분당선,지하철
서울숲,37.543617,127.044707,분당선,지하철
수원,37.265917,126.999422,분당선,지하철
도화,37.46607,126.668672,경인선,지하철
중동,37.486562,126.764843,경인선,지하철
온수(성공회대입구),37.492433,126.824086,경인선,지하철
도원,37.468446,126.642706,경인선,지하철
간석,37.464737,126.694181,경인선,지하철
부개,37.488418,126.74109,경인선,지하철
소사,37.482753,126.79544,경인선,지하철
구일,37.496756,126.870793,경인선,지하철
인천,37.476079,126.616801,경인선,지하철
동인천,37.475276,126.632802,경인선,지하철
제물포,37.466769,126.656666,경인선,지하철
주안,37.465047,126.679742,경인선,지하철
동암,37.471408,126.702896,경인선,지하철
백운,37.483664,126.707704,경인선,지하철
부평,37.489445,126.724506,경인선,지하철
송내,37.4876,126.753664,경인선,지하철
부천,37.48405,126.782686,경인선,지하철
역곡,37.485178,126.811502,경인선,지하철
오류동,37.494526,126.845365,경인선,지하철
개봉,37.494594,126.85968,경인선,지하철
수리산,37.349801,126.925365,안산선,지하철
오이도,37.362357,126.738714,안산선,지하철
정왕,37.351735,126.742989,안산선,지하철
신길온천,37.338212,126.765844,안산선,지하철
안산,37.327082,126.788532,안산선,지하철
초지,37.320646,126.805913,안산선,지하철
고잔,37.316784,126.823144,안산선,지하철
중앙,37.315941,126.838573,안산선,지하철
한대앞,37.309689,126.85344,안산선,지하철
상록수,37.302795,126.866489,안산선,지하철
반월,37.312212,126.903524,안산선,지하철
대야미,37.328467,126.917332,안산선,지하철
산본,37.358101,126.933274,안산선,지하철
광명,37.416182,126.884466,경부선,지하철
서동탄,37.195504,127.051672,경부선,지하철
당정,37.344285,126.948345,경부선,지하철
천안,36.810005,127.146826,경부선,지하철
두정,36.833705,127.14896,경부선,지하철
직산,36.870593,127.143904,경부선,지하철
성환,36.916076,127.126964,경부선,지하철
평택,36.990726,127.085159,경부선,지하철
지제,37.0188,127.070444,경부선,지하철
서정리,37.056496,127.052819,경부선,지하철
송탄,37.075696,127.054301,경부선,지하철
진위,37.109447,127.062278,경부선,지하철
오산,37.145885,127.06672,경부선,지하철
오산대,37.168953,127.063197,경부선,지하철
세마,37.187533,127.04318,경부선,지하철
병점,37.207503,127.032731,경부선,지하철
세류,37.245025,127.013222,경부선,지하철
독산,37.466613,126.889249,경부선,지하철
수원,37.266348,126.999561,경부선,지하철
화서,37.283862,126.989627,경부선,지하철
성균관대,37.300349,126.97075,경부선,지하철
의왕,37.320852,126.948217,경부선,지하철
군포,37.35356,126.948462,경부선,지하철
금정,37.372221,126.943429,경부선,지하철
명학,37.384653,126.935433,경부선,지하철
안양,37.401592,126.922874,경부선,지하철
관악,37.419232,126.908706,경부선,지하철
석수,37.435047,126.902295,경부선,지하철
금천구청,37.455626,126.89398,경부선,지하철
가산디지털단지,37.481581,126.882581,경부선,지하철
구로,37.503039,126.881966,경부선,지하철
여주,37.282308,127.628816,경강선,지하철
세종대왕릉,37.295309,127.570938,경강선,지하철
부발,37.260192,127.490277,경강선,지하철
이천,37.265579,127.44226,경강선,지하철
신둔도예촌,37.317185,127.40476,경강선,지하철
곤지암,37.351315,127.34674,경강선,지하철
초월,37.374419,127.299,경강선,지하철
경기광주,37.399907,127.25263,경강선,지하철
삼동,37.409522,127.20336,경강선,지하철
이매,37.394655,127.127819,경강선,지하철
판교,37.394761,127.111217,경강선,지하철
금정,37.372209,126.943417,과천선,지하철
범계,37.389793,126.950806,과천선,지하철
평촌,37.394287,126.963883,과천선,지하철
인덕원,37.401553,126.976715,과천선,지하철
정부과천청사,37.426513,126.98978,과천선,지하철
과천,37.433021,126.996568,과천선,지하철
대공원,37.435675,127.006523,과천선,지하철
경마공원,37.443885,127.007888,과천선,지하철
선바위,37.451673,127.002303,과천선,지하철
신창(순천향대),36.769502,126.951108,장항선,지하철
온양온천,36.780483,127.003249,장항선,지하철
배방,36.777629,127.052991,장항선,지하철
탕정,36.78866,127.08485,장항선,지하철
아산,36.792053,127.104361,장항선,지하철
쌍용(나사렛대),36.793759,127.1214,장항선,지하철
봉명,36.801215,127.135763,장항선,지하철
춘천,37.885054,127.717023,경춘선,지하철
남춘천,37.864007,127.723792,경춘선,지하철
김유정,37.818466,127.71434,경춘선,지하철
강촌,37.805723,127.634146,경춘선,지하철
백양리,37.830779,127.58933,경춘선,지하철
굴봉산,37.832067,127.557695,경춘선,지하철
가평,37.814536,127.510739,경춘선,지하철
상천,37.770246,127.454821,경춘선,지하철
청평,37.735488,127.42661,경춘선,지하철
대성리,37.684071,127.379319,경춘선,지하철
마석,37.652782,127.311767,경춘선,지하철
천마산,37.658978,127.285379,경춘선,지하철
평내호평,37.653225,127.244493,경춘선,지하철
금곡,37.637382,127.207853,경춘선,지하철
사릉,37.65108,127.176933,경춘선,지하철
퇴계원,37.648311,127.143952,경춘선,지하철
별내,37.64202,127.12684,경춘선,지하철
갈매,37.634118,127.114757,경춘선,지하철
신내,37.612887,127.103218,경춘선,지하철
디지털미디어시티,37.577475,126.900453,경의중앙선,지하철
홍대입구,37.557641,126.926683,경의중앙선,지하철
공덕,37.542596,126.952099,경의중앙선,지하철
서울역,37.557231,126.97103,경의중앙선,지하철
임진강,37.888421,126.746765,경의중앙선,지하철
문산,37.854619,126.788047,경의중앙선,지하철
파주,37.815298,126.792783,경의중앙선,지하철
월롱,37.796188,126.792587,경의중앙선,지하철
금촌,37.766217,126.774644,경의중앙선,지하철
금릉,37.751322,126.765347,경의중앙선,지하철
운정,37.725826,126.767257,경의중앙선,지하철
야당,37.712327,126.761356,경의중앙선,지하철
탄현,37.694023,126.761086,경의중앙선,지하철
일산,37.682077,126.769846,경의중앙선,지하철
풍산,37.672346,126.786243,경의중앙선,지하철
백마,37.658239,126.794461,경의중앙선,지하철
곡산,37.645676,126.801762,경의중앙선,지하철
능곡,37.618808,126.820783,경의중앙선,지하철
행신,37.612102,126.834146,경의중앙선,지하철
강매,37.612314,126.843223,경의중앙선,지하철
화전,37.602888,126.868387,경의중앙선,지하철
수색,37.580842,126.895611,경의중앙선,지하철
디지털미디어시티,37.577475,126.900453,경의중앙선,지하철
가좌,37.568491,126.915487,경의중앙선,지하철
홍대입구,37.557641,126.926683,경의중앙선,지하철
서강대,37.551881,126.935711,경의중앙선,지하철
공덕,37.542596,126.952099,경의중앙선,지하철
효창공원앞,37.538579,126.96221,경의중앙선,지하철
신촌,37.559733,126.942597,경의중앙선,지하철
서울역,37.557231,126.97103,경의중앙선,지하철
지평,37.476393,127.629874,중앙선,지하철
용문,37.48223,127.594647,중앙선,지하철
원덕,37.468672,127.547076,중앙선,지하철
양평,37.492773,127.491837,중앙선,지하철
오빈,37.506062,127.473868,중앙선,지하철
아신,37.51382,127.443173,중앙선,지하철
국수,37.516169,127.399367,중앙선,지하철
신원,37.525545,127.372921,중앙선,지하철
양수,37.545981,127.329098,중앙선,지하철
운길산,37.554669,127.310115,중앙선,지하철
팔당,37.547371,127.243939,중앙선,지하철
도심,37.579622,127.222672,중앙선,지하철
덕소,37.586781,127.208832,중앙선,지하철
양정,37.60533,127.19364,중앙선,지하철
도농,37.608806,127.161153,중앙선,지하철
구리,37.603392,127.143869,중앙선,지하철
양원,37.606596,127.107906,중앙선,지하철
망우,37.59955,127.091909,중앙선,지하철
상봉(시외버스터미널),37.596678,127.08504,중앙선,지하철
중랑,37.594917,127.076116,중앙선,지하철
신길,37.516862,126.917865,경부선,지하철
복정,37.470345,127.126658,분당선,지하철
수서,37.487472,127.101422,분당선,지하철
대모산입구,37.491373,127.07272,분당선,지하철
개포동,37.489116,127.06614,분당선,지하철
구룡,37.486839,127.058856,분당선,지하철
도곡,37.491224,127.055186,분당선,지하철
한티,37.496237,127.052873,분당선,지하철
선릉,37.504856,127.048807,분당선,지하철
창동,37.653007,127.047806,경원선,지하철
녹천,37.644799,127.051269,경원선,지하철
월계,37.633212,127.058831,경원선,지하철
광운대,37.623632,127.061835,경원선,지하철
석계,37.614532,127.065934,경원선,지하철
신이문,37.601854,127.067325,경원선,지하철
외대앞,37.596073,127.063549,경원선,지하철
회기,37.58946,127.057583,중앙선,지하철
청량리(서울시립대입구),37.580759,127.0483,경원선,지하철
왕십리(성동구청),37.561827,127.038352,경원선,지하철
응봉,37.549946,127.034538,경원선,지하철
옥수,37.540446,127.018672,경원선,지하철
한남,37.52943,127.009169,경원선,지하철
서빙고,37.519594,126.988537,경원선,지하철
이촌(국립중앙박물관),37.522427,126.973406,경원선,지하철
신도림,37.508787,126.891144,경부선,지하철
영등포,37.515504,126.907628,경부선,지하철
대방,37.513342,126.926382,경부선,지하철
노량진,37.514149,126.94271,경부선,지하철
용산,37.529849,126.964561,경부선,지하철
남영,37.541021,126.9713,경부선,지하철
서울역,37.554337,126.971134,경부선,지하철
남태령,37.463873,126.989134,4호선,지하철
사당,37.476955,126.981651,4호선,지하철
총신대입구(이수),37.486263,126.981989,4호선,지하철
동작(현충원),37.502852,126.980347,4호선,지하철
이촌(국립중앙박물관),37.522295,126.974733,4호선,지하철
신용산,37.52917,126.967894,4호선,지하철
삼각지,37.534075,126.9726,4호선,지하철
숙대입구(갈월),37.54456,126.972106,4호선,지하철
서울역,37.55281,126.972556,4호선,지하철
회현(남대문시장),37.558514,126.978246,4호선,지하철
명동,37.560989,126.986325,4호선,지하철
충무로,37.561207,126.99408,4호선,지하철
동대문역사문화공원,37.565133,127.007885,4호선,지하철
동대문,37.57093,127.009287,4호선,지하철
혜화,37.582336,127.001844,4호선,지하철
한성대입구(삼선교),37.588458,127.006221,4호선,지하철
성신여대입구(돈암),37.592612,127.016441,4호선,지하철
길음,37.603407,127.025053,4호선,지하철
미아사거리,37.613292,127.030053,4호선,지하철
미아(서울사이버대학),37.62667,127.025983,4호선,지하철
수유(강북구청),37.638052,127.025732,4호선,지하철
쌍문,37.648627,127.034709,4호선,지하철
창동,37.653088,127.047274,4호선,지하철
노원,37.65627,127.063276,4호선,지하철
상계,37.660878,127.073572,4호선,지하철
당고개,37.670272,127.079066,4호선,지하철
오금,37.502129,127.128319,3호선,지하철
경찰병원,37.495918,127.12454,3호선,지하철
가락시장,37.492245,127.117757,3호선,지하철
수서,37.487378,127.101907,3호선,지하철
일원,37.483681,127.08439,3호선,지하철
대청,37.493514,127.079532,3호선,지하철
학여울,37.496663,127.070594,3호선,지하철
대치,37.494612,127.063642,3호선,지하철
도곡,37.490922,127.055452,3호선,지하철
매봉,37.486947,127.046769,3호선,지하철
양재(서초구청),37.484477,127.033902,3호선,지하철
남부터미널(예술의전당),37.485013,127.016189,3호선,지하철
교대(법원.검찰청),37.493025,127.013786,3호선,지하철
고속터미널,37.504891,127.004916,3호선,지하철
잠원,37.512759,127.01122,3호선,지하철
신사,37.516334,127.020114,3호선,지하철
압구정,37.527072,127.028461,3호선,지하철
옥수,37.541684,127.017269,3호선,지하철
금호,37.548034,127.015872,3호선,지하철
약수,37.554867,127.010541,3호선,지하철
동대입구,37.559052,127.005602,3호선,지하철
충무로,37.56143,126.994072,3호선,지하철
을지로3가,37.566672,126.992548,3호선,지하철
종로3가,37.571605,126.991791,3호선,지하철
안국,37.576477,126.985443,3호선,지하철
경복궁(정부서울청사),37.575762,126.97353,3호선,지하철
독립문,37.574571,126.957748,3호선,지하철
무악재,37.582299,126.950291,3호선,지하철
홍제,37.589066,126.943736,3호선,지하철
녹번,37.600927,126.935756,3호선,지하철
불광,37.610553,126.92982,3호선,지하철
연신내,37.619229,126.921038,3호선,지하철
구파발,37.636763,126.918821,3호선,지하철
지축,37.648033,126.913917,3호선,지하철
용두(동대문구청),37.574028,127.038091,2호선,지하철
신정네거리,37.520074,126.852912,2호선,지하철
양천구청,37.512398,126.865819,2호선,지하철
도림천,37.514287,126.882768,2호선,지하철
신설동,37.574747,127.024932,2호선,지하철
신답,37.57004,127.046481,2호선,지하철
용답,37.561904,127.050899,2호선,지하철
충정로(경기대입구),37.559704,126.964378,2호선,지하철
아현,37.557345,126.956141,2호선,지하철
이대,37.556733,126.946013,2호선,지하철
신촌,37.555131,126.936926,2호선,지하철
홍대입구,37.55679,126.923708,2호선,지하철
합정,37.549457,126.913808,2호선,지하철
당산,37.534946,126.902767,2호선,지하철
영등포구청,37.525706,126.89661,2호선,지하철
문래,37.517933,126.89476,2호선,지하철
신도림,37.508961,126.891084,2호선,지하철
대림(구로구청),37.493243,126.894932,2호선,지하철
구로디지털단지,37.485266,126.901401,2호선,지하철
신대방,37.487462,126.913149,2호선,지하철
신림,37.484201,126.929715,2호선,지하철
봉천,37.482362,126.941892,2호선,지하철
서울대입구(관악구청),37.481247,126.952739,2호선,지하철
낙성대,37.47693,126.963693,2호선,지하철
사당,37.476538,126.981544,2호선,지하철
방배,37.481426,126.997596,2호선,지하철
서초,37.491897,127.007917,2호선,지하철
교대(법원.검찰청),37.493961,127.014667,2호선,지하철
강남,37.49799,127.027912,2호선,지하철
역삼,37.500622,127.036456,2호선,지하철
선릉,37.504286,127.048203,2호선,지하철
삼성(무역센터),37.508844,127.06316,2호선,지하철
종합운동장,37.511022,127.073704,2호선,지하철
잠실새내,37.511687,127.086162,2호선,지하철
잠실(송파구청),37.513262,127.100159,2호선,지하철
잠실나루,37.520733,127.10379,2호선,지하철
강변(동서울터미널),37.535095,127.094681,2호선,지하철
구의(광진구청),37.537077,127.085916,2호선,지하철
건대입구,37.540373,127.069191,2호선,지하철
성수,37.544581,127.055961,2호선,지하철
뚝섬,37.547184,127.047367,2호선,지하철
한양대,37.555273,127.043655,2호선,지하철
왕십리(성동구청),37.561238,127.036954,2호선,지하철
상왕십리,37.564354,127.029354,2호선,지하철
신당,37.56564,127.019614,2호선,지하철
동대문역사문화공원,37.565613,127.009054,2호선,지하철
을지로4가,37.566595,126.997817,2호선,지하철
을지로3가,37.566306,126.991696,2호선,지하철
을지로입구,37.566014,126.982618,2호선,지하철
시청,37.563588,126.975411,2호선,지하철
동묘앞,37.573197,127.01648,1호선,지하철
청량리(서울시립대입구),37.579956,127.044585,1호선,지하철
제기동,37.578103,127.034893,1호선,지하철
신설동,37.576048,127.024634,1호선,지하철
동대문,37.571687,127.01093,1호선,지하철
종로5가,37.570926,127.001849,1호선,지하철
종로3가,37.570406,126.991847,1호선,지하철
종각,37.570161,126.982923,1호선,지하철
시청,37.565715,126.977088,1호선,지하철
서울역,37.556228,126.972135,1호선,지하철